﻿<parameters>
  <parameter name="IIS Web Application Name" defaultValue="http://kitchenhelper.somee.com" tags="IisApp">
    <parameterEntry kind="ProviderPath" scope="IisApp" match="^C:\\Users\\Дмитрий\\Documents\\GitHub\\Kitchen_Helper\\lesson1\\LessonProject\\obj\\Release\\Package\\PackageTmp$" />
    <parameterEntry kind="ProviderPath" scope="setAcl" match="^C:\\Users\\Дмитрий\\Documents\\GitHub\\Kitchen_Helper\\lesson1\\LessonProject\\obj\\Release\\Package\\PackageTmp$" />
  </parameter>
  <parameter name="Add write permission to App_Data Folder" description="Add write permission to App_Data folder" defaultValue="{IIS Web Application Name}/App_Data" tags="Hidden">
    <parameterEntry kind="ProviderPath" scope="setAcl" match="^C:\\Users\\Дмитрий\\Documents\\GitHub\\Kitchen_Helper\\lesson1\\LessonProject\\obj\\Release\\Package\\PackageTmp\\App_Data$" />
  </parameter>
  <parameter name="KHContext-Web.config Connection String" defaultValue="Data Source=(LocalDb)\v11.0;AttachDBFilename=|DataDirectory|\KHDB.mdf;Integrated Security=True">
    <parameterEntry kind="XmlFile" scope="C:\\Users\\Дмитрий\\Documents\\GitHub\\Kitchen_Helper\\lesson1\\LessonProject\\obj\\Release\\Package\\PackageTmp\\Web\.config$" match="/configuration/connectionStrings/add[@name='KHContext']/@connectionString" />
  </parameter>
</parameters>